{
    "loss": 6.453392505645752,
    "accuracy": 0.6812725067138672
}