{
    "loss": 61.64598083496094,
    "accuracy": 0.9985997080802917
}